{"input": [0, 0, 0, -1, 0, -1, -1, -1, 0, 0, 0, -1, 0, -1, -1, -1, 0, 0, 0, 0, 0, 0, 0, -1, -1, -1, 0, -1, -1, -1, 0, -1, -1, -1, -1, -1, 0, 0, 0, 0, 0, 0, 0, -1, -1, -1, 0, 0, 0, -1, -1, -1, 0, 0, 0, 0, 0, 0, 0, 0, 0, 0, 0, 0, -1, -1, -1, 0, 0, 0, 0, -1, -1, -1, 0, 0, 0, 0, 0, 0, 0, 0, 0, 0, 0, 0, -1, -1, -1, -1, -1, -1, -1, -1, 2, 0, 0, 0, 1, -1, -1, 0, 0, 0, 0, 1, 0, 1, 0, 0, 1, 0, 0, 0, 1, 0, 0, 0, 0, 0, 0, -1, 0, 0, 0, 0, 0, 0, 0, 0, -1, 0, 0, 0, 0, 2, 0, -1, -1, -1, -1, -1, -1, -1, 0, 0, 0, 0, 0, 1, -1, 0, 0, 2, 1, 1, -1, -1, -1, -1, 0, -1, 0, -1, -1, 0, 0, 1, 0, 2, -1, 1, 0, 1, -1, 1, -1, -1, -1, 0, -1, -1, 0, 0, -1, -1, 0, -1, -1, -1, -1, 1, 0, 0, -1, -1, -1, 0, 1, -1, -1, 0, 0, 0, 0, -1, 0, -1, -1, 0, 3, 2, 0, 0, -1, -1, 0, -1, -1, -1, 0, 0, 0, 0, 0, -1, -1, 0, 0, 0, 0, 0, -1, -1, -1, -1, -1, -1, 1, 0, 0, 0, 0, 0, 0, 0, -1, 0, 0, 0, 1, -1, -1, 0, -1, 0, -1, -1, -1, 0, 0, 0, 0, 0, 0, 0, 0, -1, 2, 0, -1, -1, 0, -1, -1, 0, 0, 0, -1, 0, 0, 0, 0, 0, 0, 0, 0, -1, 0, 1, -1, 0, 1, -1, 0, 0, 0, 0, 0, 0, 0, 0, 0, 0, 0, 0, 0, -1, -1, -1, -1, 0, -1, 1, 0, 0, 0, 0, 0, 0, 0, 0, 0, 0, 0, 0, 0, 0, -1, 0, -1, -1, 0, 0, 0, 0, 0, 0, 0, 0, 0, 0, 0, 0, 0, 0, 0, 0, -1, -1, 0, 0, 0, 0, 0, 0, 0, 0, 0, 0, 0, 0, 0, 0, 0, 0, 0, 0, 0, -1, -1, -1, 0, 0, 0, 0, 0, 0, 0, 0, 0, 0, 0, 0, 0, 0, 0, 0, 0, 0, 0, -1, 0, 0, 0, 0, 0, 0, 0, 0], "x": -100, "r": 100, "score": 0, "y": -3.2162452993532734e-14, "snake": {"nk": "Snowy", "msp": 14, "fchl": 0, "fas": {"15": 0, "10": 0, "14": 0, "25": 0, "9": 0, "0": 0, "20": 0, "19": 0, "12": 0, "22": 0, "5": 0, "3": 0, "23": 0, "17": 0, "7": 0, "13": 0, "11": 0, "6": 0, "24": 0, "8": 0, "16": 0, "4": 0, "21": 0, "1": 0, "2": 0, "18": 0}, "dir": 0, "fnfr": 327, "eac": false, "pma": 2.3, "yy": 21049.683024843325, "alive_amt": 1, "scang": 1, "drez": false, "eca": 0.75, "rey": -0.39939080863393855, "tl": 2.6684165995369313, "slg": false, "fltg": 128, "fpos": 4, "iiv": true, "ang": 3.2888548092268146, "wang": 3.2888548092268146, "chl": 0.5382358317963212, "fdhc": null, "rbcs": null, "ftg": -1, "one_eye": false, "ppa": 1, "fa": 0, "wsep": 6, "er": 6, "cs04": "#66472c", "fchls": {"42": 0, "15": 0, "37": 0, "34": 0, "10": 0, "14": 0, "25": 0, "38": 0, "33": 0, "9": 0, "0": 0, "20": 0, "28": 0, "19": 0, "12": 0, "31": 0, "40": 0, "22": 0, "26": 0, "5": 0, "3": 0, "23": 0, "17": 0, "7": 0, "13": 0, "27": 0, "29": 0, "30": 0, "41": 0, "11": 0, "6": 0, "24": 0, "8": 0, "36": 0, "16": 0, "4": 0, "21": 0, "32": 0, "35": 0, "39": 0, "1": 0, "2": 0, "18": 0}, "ehang": -2.9872211102146022, "ppc": "#000000", "id": -1234, "wehang": -2.993165159269182, "ec": "#ffffff", "ed": 6, "fatg": -1, "fl": -0.05026400461792946, "easp": 0.1, "cs": "#ffb26f", "eo": 0, "gg": 178, "eang": -3.141592653589793, "flpos": 5, "sc": 1, "fy": 0, "rcv": 5, "dead": true, "msl": 42, "dead_amt": 1.0899999999999999, "lnp": {"efs": [77], "fy": 0.14190916417636887, "eys": [2.477811075095815], "fx": 0.8507283159571805, "da": 0, "exs": [14.854178413428599], "ebx": -41, "yy": 21053, "xx": 22843, "eby": -6, "eiu": 1, "ems": [1]}, "wmd": false, "tsp": 5.777777777777778, "cfl": 2.6181525956483243, "sct": 2, "fam": 0.6684165995369314, "sp": 5.777777777777778, "fx": 0, "esp": 6, "edir": 0, "fdtc": null, "na": 0.49199999999999955, "spang": 1, "xx": 22820.638769851368, "rex": -2.2650578319280785, "swell": 0, "cv": 5, "fls": {"69": -0.024821165949106216, "90": -0.012386963702738285, "75": -0.021108413115143776, "45": -0.038932643830776215, "78": -0.019280167296528816, "36": -0.043229635804891586, "112": -0.00301351142115891, "74": -0.021723251789808273, "123": -0.000620268692728132, "97": -0.0088455555960536, "22": -0.04807433858513832, "84": -0.015730198472738266, "5": -0.05026400461792946, "31": -0.045242734253406525, "40": -0.041418448090553284, "3": -7.688953701290302e-06, "124": -0.0004905141540803015, "121": -0.0009246842237189412, "29": -0.04596351087093353, "76": -0.020496036857366562, "42": -0.040451936423778534, "61": -0.029767967760562897, "4": 0, "21": -0.04832109436392784, "101": -0.007034369744360447, "39": -0.04188690334558487, "51": -0.03567492589354515, "109": -0.003959114663302898, "83": -0.01630956493318081, "65": -0.027305196970701218, "15": -0.04949898272752762, "85": -0.015156586654484272, "122": -0.0007650215411558747, "25": -0.04725049063563347, "33": -0.044472742825746536, "115": -0.0021896646358072758, "107": -0.004654615186154842, "48": -0.03733737766742706, "34": -0.04406987875699997, "73": -0.02234017476439476, "86": -0.014589076861739159, "26": -0.04694857820868492, "87": -0.014028019271790981, "23": -0.047813545912504196, "93": -0.010816066525876522, "80": -0.018078617751598358, "79": -0.018677417188882828, "126": -0.0002763086522463709, "43": -0.039954472333192825, "55": -0.033369675278663635, "6": -0.05025631561875343, "105": -0.005400227382779121, "16": -0.04933932051062584, "58": -0.03158658742904663, "7": -0.050233252346515656, "50": -0.0362359844148159, "35": -0.04365542158484459, "82": -0.016894329339265823, "77": -0.019886497408151627, "18": -0.048975665122270584, "54": -0.0339544378221035, "2": -3.075111089856364e-05, "72": -0.02295880764722824, "46": -0.038408901542425156, "10": -0.05007201433181763, "98": -0.008377102203667164, "111": -0.0033154275733977556, "116": -0.0019429094390943646, "9": -0.050141073763370514, "20": -0.04855366051197052, "28": -0.046304889023303986, "19": -0.048771895468235016, "127": -0.00019198869995307177, "38": -0.04234510287642479, "64": -0.02792382799088955, "92": -0.011331361718475819, "62": -0.029155591502785683, "99": -0.007918900810182095, "30": -0.04560938850045204, "104": -0.005791259929537773, "100": -0.007471232209354639, "24": -0.047538872808218, "53": -0.03453380614519119, "108": -0.004300491418689489, "113": -0.002725129248574376, "44": -0.03944793716073036, "27": -0.04663331061601639, "49": -0.03679024800658226, "47": -0.03787703812122345, "118": -0.0014921088004484773, "0": -0.00012292918108869344, "102": -0.00660858117043972, "14": -0.04964373633265495, "66": -0.026685234159231186, "94": -0.010309531353414059, "110": -0.0036306928377598524, "68": -0.025442838668823242, "67": -0.026064321398735046, "125": -0.00037583743687719107, "13": -0.04977348819375038, "119": -0.001288339146412909, "12": -0.04988816753029823, "70": -0.024199683219194412, "71": -0.023578770458698273, "103": -0.0061941263265907764, "63": -0.028540752828121185, "96": -0.009323974139988422, "89": -0.012926626019179821, "41": -0.04094002768397331, "81": -0.017484132200479507, "60": -0.030377507209777832, "114": -0.002450457774102688, "11": -0.04998769611120224, "57": -0.0321853868663311, "8": -0.05019482970237732, "91": -0.011855101212859154, "52": -0.03510741889476776, "59": -0.030983837321400642, "120": -0.0010991590097546577, "17": -0.049164846539497375, "95": -0.0098120654001832, "56": -0.03277987241744995, "117": -0.0017103434074670076, "106": -0.005021268501877785, "1": -6.917235441505909e-05, "88": -0.013473755680024624, "32": -0.04486377537250519, "37": -0.04279277101159096}, "jyt": false, "sfr": 0, "fxs": {"42": 0, "15": 0, "37": 0, "34": 0, "10": 0, "14": 0, "25": 0, "38": 0, "33": 0, "9": 0, "0": 0, "20": 0, "28": 0, "19": 0, "12": 0, "31": 0, "40": 0, "22": 0, "26": 0, "5": 0, "3": 0, "23": 0, "17": 0, "7": 0, "13": 0, "27": 0, "29": 0, "30": 0, "41": 0, "11": 0, "6": 0, "24": 0, "8": 0, "36": 0, "16": 0, "4": 0, "21": 0, "32": 0, "35": 0, "39": 0, "1": 0, "2": 0, "18": 0}, "fdl": 0, "sep": 6, "fapos": 23, "rr": 255, "csw": "#ffd9b7", "bb": 111, "md": false, "antenna": false, "fsp": 5.89, "ehl": 1, "pts": [{"efs": [92, 46, 36], "fy": 0, "dying": true, "eys": [0.6821070359001169, 0.6821070359001169, 0.47087380749508156], "fx": 0, "da": 0.9869999999999989, "exs": [18.024557285549236, 18.024557285549236, 18.035666462870722], "ebx": -42, "yy": 21139.583754826454, "xx": 23449.922248691506, "eby": 0, "eiu": 0, "ems": [2, 2, 2]}, {"efs": [92, 46, 36], "fy": 0, "dying": true, "eys": [0.9621138735528802, 0.9621138735528802, 0.7204996268410468],