{"input": [-1, -1, -1, -1, -1, 0, 0, 0, 0, -1, -1, 1, 0, -1, -1, 2, 2, -1, -1, 0, -1, 0, -1, 0, 0, 0, 0, 0, 2, -1, -1, 0, 0, -1, 0, 2, 0, 0, 0, 0, -1, -1, -1, 0, 0, 0, 1, 0, 0, 0, 0, 1, 1, -1, 0, 1, 2, 0, 2, 0, 0, -1, -1, 2, 0, 0, 0, 1, 0, 0, 0, 2, 2, 0, -1, -1, 2, 3, 1, 0, -1, -1, 0, 1, 0, 1, 1, 0, 0, 0, 0, 2, 1, 2, 0, -1, -1, 0, 0, -1, -1, -1, 0, 1, 0, 0, 2, 0, 0, 0, 1, 2, 1, 0, 0, 0, 1, -1, -1, -1, -1, 1, 0, 0, 0, 1, 1, 0, 0, 0, 2, 2, 0, 0, 0, 0, 0, 0, 0, 0, 0, 0, 0, 0, 0, 0, 1, 0, 0, 1, 0, 1, 0, 0, 1, 0, 0, 0, 0, 0, 0, 0, 1, 0, 0, 0, 0, 0, 0, 0, 0, 0, 0, 2, 1, 1, 2, 2, 2, 0, 0, 0, 1, 0, 0, 0, 0, 0, 0, 0, 0, 1, 1, 0, 2, 2, 0, 1, 2, 1, 0, 0, 0, 1, 0, 0, 0, 1, 0, 0, 1, 1, 1, 1, 0, 1, 1, 2, 2, 1, 0, 0, 0, 0, 0, -1, 0, 0, 1, 2, 0, 1, 0, 0, 0, 0, 0, 0, 0, 0, 0, 0, 0, 0, -1, 2, 0, 1, -1, 1, 1, 1, 0, 1, 0, 0, 1, 1, 0, 0, 0, 1, 1, 0, -1, -1, 0, 0, -1, -1, 1, 1, 1, 1, 1, 1, 2, 1, 1, 0, 0, 0, 2, 0, 0, -1, -1, -1, -1, -1, -1, -1, 2, 2, 0, 2, 1, 0, 1, 0, 0, 0, 1, 0, 0, 0, 0, 0, -1, 0, 0, -1, -1, 1, 1, 0, 0, 1, 0, 0, 0, 2, 0, 1, 0, 0, 0, 0, -1, 1, 0, 0, 0, 0, 0, 0, 0, 2, 1, 0, 0, 1, 0, 0, 0, 0, 0, 0, -1, -1, -1, 0, 0, 0, 0, 0, 0, 2, 0, 1, 0, 0, 0, 0, 0, 0, 0, 0, 1, 0, -1, -1, 0, 1, 0, 0, 0, 2, 0, 0, 1, 0, 0, 1, 0, 0, 0, 0, 0, 0, 0, 0, 0, 0, 1, 0, 0, 2, 2, 1], "y": 34.20201433256702, "x": -93.96926207859079, "r": 100}